model,task,eval_split,score_threshold,cutoff,group,n_images,n_gt,n_pred,n_unmatched,n_forgiven,recall,precision,f1
CanopyRS-DINO-SwinL,TreeBoxes,validation,0.3,0.0,overall (macro),85,4422,4506,2186,1965,0.5487910651142187,0.9147698987213968,0.6860220509545197
CanopyRS-DINO-SwinL,TreeBoxes,validation,0.3,0.0,Allen et al. 2025,24,1609,2047,1055,984,0.6529592556203012,0.9233891599659064,0.764977453686818
CanopyRS-DINO-SwinL,TreeBoxes,validation,0.3,0.0,Frey et al. 2026,61,2813,2459,1131,981,0.4446228746081363,0.9061506374768871,0.596540127058116
CanopyRS-DINO-SwinL,TreeBoxes,validation,0.3,0.05,overall (macro),85,4422,4506,2186,1964,0.5487910651142187,0.9143820441114676,0.6859129555419519
CanopyRS-DINO-SwinL,TreeBoxes,validation,0.3,0.05,Allen et al. 2025,24,1609,2047,1055,983,0.6529592556203012,0.9226134507460482,0.7647111295977748
CanopyRS-DINO-SwinL,TreeBoxes,validation,0.3,0.05,Frey et al. 2026,61,2813,2459,1131,981,0.4446228746081363,0.9061506374768871,0.596540127058116
CanopyRS-DINO-SwinL,TreeBoxes,validation,0.3,0.1,overall (macro),85,4422,4506,2186,1963,0.5487910651142187,0.9138782508445165,0.6857711626184554
CanopyRS-DINO-SwinL,TreeBoxes,validation,0.3,0.1,Allen et al. 2025,24,1609,2047,1055,982,0.6529592556203012,0.9216058642121459,0.7643648033246194
CanopyRS-DINO-SwinL,TreeBoxes,validation,0.3,0.1,Frey et al. 2026,61,2813,2459,1131,981,0.4446228746081363,0.9061506374768871,0.596540127058116
CanopyRS-DINO-SwinL,TreeBoxes,validation,0.3,0.15,overall (macro),85,4422,4506,2186,1962,0.5487910651142187,0.9132062078337637,0.6855818635768944
CanopyRS-DINO-SwinL,TreeBoxes,validation,0.3,0.15,Allen et al. 2025,24,1609,2047,1055,981,0.6529592556203012,0.9202617781906405,0.7639021253200284
CanopyRS-DINO-SwinL,TreeBoxes,validation,0.3,0.15,Frey et al. 2026,61,2813,2459,1131,981,0.4446228746081363,0.9061506374768871,0.596540127058116
CanopyRS-DINO-SwinL,TreeBoxes,validation,0.3,0.2,overall (macro),85,4422,4506,2186,1962,0.5487910651142187,0.9132062078337637,0.6855818635768944
CanopyRS-DINO-SwinL,TreeBoxes,validation,0.3,0.2,Allen et al. 2025,24,1609,2047,1055,981,0.6529592556203012,0.9202617781906405,0.7639021253200284
CanopyRS-DINO-SwinL,TreeBoxes,validation,0.3,0.2,Frey et al. 2026,61,2813,2459,1131,981,0.4446228746081363,0.9061506374768871,0.596540127058116
CanopyRS-DINO-SwinL,TreeBoxes,validation,0.3,0.25,overall (macro),85,4422,4506,2186,1958,0.5487910651142187,0.9111748875458645,0.6850086279485265
CanopyRS-DINO-SwinL,TreeBoxes,validation,0.3,0.25,Allen et al. 2025,24,1609,2047,1055,977,0.6529592556203012,0.9161991376148421,0.7624988139834025
CanopyRS-DINO-SwinL,TreeBoxes,validation,0.3,0.25,Frey et al. 2026,61,2813,2459,1131,981,0.4446228746081363,0.9061506374768871,0.596540127058116
CanopyRS-DINO-SwinL,TreeBoxes,validation,0.3,0.3,overall (macro),85,4422,4506,2186,1951,0.5487910651142187,0.9059670398380169,0.683531667647805
CanopyRS-DINO-SwinL,TreeBoxes,validation,0.3,0.3,Allen et al. 2025,24,1609,2047,1055,970,0.6529592556203012,0.9057834421991466,0.7588676219608588
CanopyRS-DINO-SwinL,TreeBoxes,validation,0.3,0.3,Frey et al. 2026,61,2813,2459,1131,981,0.4446228746081363,0.9061506374768871,0.596540127058116
CanopyRS-DINO-SwinL,TreeBoxes,validation,0.3,0.35,overall (macro),85,4422,4506,2186,1944,0.5487910651142187,0.9026169311402319,0.6825759652818315
CanopyRS-DINO-SwinL,TreeBoxes,validation,0.3,0.35,Allen et al. 2025,24,1609,2047,1055,963,0.6529592556203012,0.8990832248035767,0.7565059856455867
CanopyRS-DINO-SwinL,TreeBoxes,validation,0.3,0.35,Frey et al. 2026,61,2813,2459,1131,981,0.4446228746081363,0.9061506374768871,0.596540127058116
CanopyRS-DINO-SwinL,TreeBoxes,validation,0.3,0.4,overall (macro),85,4422,4506,2186,1938,0.5487910651142187,0.8989739637783201,0.6815316978187272
CanopyRS-DINO-SwinL,TreeBoxes,validation,0.3,0.4,Allen et al. 2025,24,1609,2047,1055,957,0.6529592556203012,0.891797290079753,0.7539146492896547
CanopyRS-DINO-SwinL,TreeBoxes,validation,0.3,0.4,Frey et al. 2026,61,2813,2459,1131,981,0.4446228746081363,0.9061506374768871,0.596540127058116
CanopyRS-DINO-SwinL,TreeBoxes,validation,0.3,0.45,overall (macro),85,4422,4506,2186,1925,0.5487910651142187,0.8925110085545858,0.6796660824389931
CanopyRS-DINO-SwinL,TreeBoxes,validation,0.3,0.45,Allen et al. 2025,24,1609,2047,1055,944,0.6529592556203012,0.8788713796322846,0.7492567241104404
CanopyRS-DINO-SwinL,TreeBoxes,validation,0.3,0.45,Frey et al. 2026,61,2813,2459,1131,981,0.4446228746081363,0.9061506374768871,0.596540127058116
CanopyRS-DINO-SwinL,TreeBoxes,validation,0.3,0.5,overall (macro),85,4422,4506,2186,1914,0.5487910651142187,0.8873581726540931,0.67816661932067
CanopyRS-DINO-SwinL,TreeBoxes,validation,0.3,0.5,Allen et al. 2025,24,1609,2047,1055,933,0.6529592556203012,0.868565707831299,0.7454863136208882
CanopyRS-DINO-SwinL,TreeBoxes,validation,0.3,0.5,Frey et al. 2026,61,2813,2459,1131,981,0.4446228746081363,0.9061506374768871,0.596540127058116
CanopyRS-DINO-SwinL,TreeBoxes,validation,0.3,0.55,overall (macro),85,4422,4506,2186,1898,0.5487910651142187,0.8805663114180955,0.6761736873940013
CanopyRS-DINO-SwinL,TreeBoxes,validation,0.3,0.55,Allen et al. 2025,24,1609,2047,1055,917,0.6529592556203012,0.8549819853593039,0.7404378705980744
CanopyRS-DINO-SwinL,TreeBoxes,validation,0.3,0.55,Frey et al. 2026,61,2813,2459,1131,981,0.4446228746081363,0.9061506374768871,0.596540127058116
CanopyRS-DINO-SwinL,TreeBoxes,validation,0.3,0.6,overall (macro),85,4422,4506,2186,1869,0.5487910651142187,0.8705717445899614,0.6732063031459059
CanopyRS-DINO-SwinL,TreeBoxes,validation,0.3,0.6,Allen et al. 2025,24,1609,2047,1055,888,0.6529592556203012,0.8349928517030358,0.7328412093546093
CanopyRS-DINO-SwinL,TreeBoxes,validation,0.3,0.6,Frey et al. 2026,61,2813,2459,1131,981,0.4446228746081363,0.9061506374768871,0.596540127058116
CanopyRS-DINO-SwinL,TreeBoxes,validation,0.3,0.65,overall (macro),85,4422,4506,2186,1821,0.5487910651142187,0.8584566850530402,0.6695528324542498
CanopyRS-DINO-SwinL,TreeBoxes,validation,0.3,0.65,Allen et al. 2025,24,1609,2047,1055,840,0.6529592556203012,0.8107627326291933,0.7233546187488206
CanopyRS-DINO-SwinL,TreeBoxes,validation,0.3,0.65,Frey et al. 2026,61,2813,2459,1131,981,0.4446228746081363,0.9061506374768871,0.596540127058116
CanopyRS-DINO-SwinL,TreeBoxes,validation,0.3,0.7,overall (macro),85,4422,4506,2186,1780,0.5487910651142187,0.8470385154467386,0.6660514658214494
CanopyRS-DINO-SwinL,TreeBoxes,validation,0.3,0.7,Allen et al. 2025,24,1609,2047,1055,799,0.6529592556203012,0.78792639341659,0.7141216677017689
CanopyRS-DINO-SwinL,TreeBoxes,validation,0.3,0.7,Frey et al. 2026,61,2813,2459,1131,981,0.4446228746081363,0.9061506374768871,0.596540127058116
CanopyRS-DINO-SwinL,TreeBoxes,validation,0.3,0.75,overall (macro),85,4422,4506,2186,1735,0.5487910651142187,0.8363701290497807,0.6627278556240036
CanopyRS-DINO-SwinL,TreeBoxes,validation,0.3,0.75,Allen et al. 2025,24,1609,2047,1055,755,0.6529592556203012,0.7674334007576791,0.705583403077722
CanopyRS-DINO-SwinL,TreeBoxes,validation,0.3,0.75,Frey et al. 2026,61,2813,2459,1131,980,0.4446228746081363,0.9053068573418822,0.5963571699874362
CanopyRS-DINO-SwinL,TreeBoxes,validation,0.3,0.8,overall (macro),85,4422,4506,2186,1687,0.5487910651142187,0.8227644179677539,0.6584141390474365
CanopyRS-DINO-SwinL,TreeBoxes,validation,0.3,0.8,Allen et al. 2025,24,1609,2047,1055,710,0.6529592556203012,0.745655846129711,0.6962357057757655
CanopyRS-DINO-SwinL,TreeBoxes,validation,0.3,0.8,Frey et al. 2026,61,2813,2459,1131,977,0.4446228746081363,0.8998729898057968,0.5951734417332362
CanopyRS-DINO-SwinL,TreeBoxes,validation,0.3,0.85,overall (macro),85,4422,4506,2186,1636,0.5487910651142187,0.8128224986260885,0.6552075223817145
CanopyRS-DINO-SwinL,TreeBoxes,validation,0.3,0.85,Allen et al. 2025,24,1609,2047,1055,659,0.6529592556203012,0.7257720074463802,0.6874429592292783
CanopyRS-DINO-SwinL,TreeBoxes,validation,0.3,0.85,Frey et al. 2026,61,2813,2459,1131,977,0.4446228746081363,0.8998729898057968,0.5951734417332362
CanopyRS-DINO-SwinL,TreeBoxes,validation,0.3,0.9,overall (macro),85,4422,4506,2186,1569,0.5487910651142187,0.7981894710537811,0.6504017515037436
CanopyRS-DINO-SwinL,TreeBoxes,validation,0.3,0.9,Allen et al. 2025,24,1609,2047,1055,595,0.6529592556203012,0.7001433862170883,0.6757286404688393
CanopyRS-DINO-SwinL,TreeBoxes,validation,0.3,0.9,Frey et al. 2026,61,2813,2459,1131,974,0.4446228746081363,0.8962355558904741,0.5943756926491676
CanopyRS-DINO-SwinL,TreeBoxes,validation,0.3,0.95,overall (macro),85,4422,4506,2186,1516,0.5487910651142187,0.7807975435019652,0.6445523265771357
CanopyRS-DINO-SwinL,TreeBoxes,validation,0.3,0.95,Allen et al. 2025,24,1609,2047,1055,549,0.6529592556203012,0.6793598986932282,0.6658980054633729
CanopyRS-DINO-SwinL,TreeBoxes,validation,0.3,0.95,Frey et al. 2026,61,2813,2459,1131,967,0.4446228746081363,0.8822351883107022,0.5912643657517552
CanopyRS-DINO-SwinL,TreeBoxes,validation,0.3,1.0,overall (macro),85,4422,4506,2186,1375,0.5487910651142187,0.7433844274885577,0.6314354885790731
CanopyRS-DINO-SwinL,TreeBoxes,validation,0.3,1.0,Allen et al. 2025,24,1609,2047,1055,428,0.6529592556203012,0.6270221020414899,0.6397278875286067
CanopyRS-DINO-SwinL,TreeBoxes,validation,0.3,1.0,Frey et al. 2026,61,2813,2459,1131,947,0.4446228746081363,0.8597467529356254,0.5861269147229112
CanopyRS-DINO-SwinL,TreeBoxes,validation,0.3,1.0001,overall (macro),85,4422,4506,2186,0,0.5487910651142187,0.5084215721689431,0.5278355673739614
CanopyRS-DINO-SwinL,TreeBoxes,validation,0.3,1.0001,Allen et al. 2025,24,1609,2047,1055,0,0.6529592556203012,0.4812286500527037,0.5540928439633154
CanopyRS-DINO-SwinL,TreeBoxes,validation,0.3,1.0001,Frey et al. 2026,61,2813,2459,1131,0,0.4446228746081363,0.5356144942851825,0.48589548549802125
DeepForest-pretrained,TreeBoxes,validation,0.1,0.0,overall (macro),85,4422,4806,3676,3676,0.2873931281217382,1.0,0.44647298768952537
DeepForest-pretrained,TreeBoxes,validation,0.1,0.0,Allen et al. 2025,24,1609,1345,838,838,0.3562447321086805,1.0,0.5253398943047595
DeepForest-pretrained,TreeBoxes,validation,0.1,0.0,Frey et al. 2026,61,2813,3461,2838,2838,0.21854152413479583,1.0,0.35869360182857524
DeepForest-pretrained,TreeBoxes,validation,0.1,0.05,overall (macro),85,4422,4806,3676,3669,0.2873931281217382,0.992272546640419,0.4456981487470412
DeepForest-pretrained,TreeBoxes,validation,0.1,0.05,Allen et al. 2025,24,1609,1345,838,832,0.3562447321086805,0.9861844375431331,0.5234138511060901
DeepForest-pretrained,TreeBoxes,validation,0.1,0.05,Frey et al. 2026,61,2813,3461,2838,2837,0.21854152413479583,0.9983606557377049,0.3585879998406972
DeepForest-pretrained,TreeBoxes,validation,0.1,0.1,overall (macro),85,4422,4806,3676,3667,0.2873931281217382,0.9895939752118477,0.4454273772446464
DeepForest-pretrained,TreeBoxes,validation,0.1,0.1,Allen et al. 2025,24,1609,1345,838,830,0.3562447321086805,0.9808272946859903,0.5226562965017453
DeepForest-pretrained,TreeBoxes,validation,0.1,0.1,Frey et al. 2026,61,2813,3461,2838,2837,0.21854152413479583,0.9983606557377049,0.3585879998406972
DeepForest-pretrained,TreeBoxes,validation,0.1,0.15,overall (macro),85,4422,4806,3676,3663,0.2873931281217382,0.9857597136557488,0.4450377965435636
DeepForest-pretrained,TreeBoxes,validation,0.1,0.15,Allen et al. 2025,24,1609,1345,838,827,0.3562447321086805,0.9747981158360878,0.5217964157536775
DeepForest-pretrained,TreeBoxes,validation,0.1,0.15,Frey et al. 2026,61,2813,3461,2838,2836,0.21854152413479583,0.9967213114754098,0.3584821129465294
DeepForest-pretrained,TreeBoxes,validation,0.1,0.2,overall (macro),85,4422,4806,3676,3662,0.2873931281217382,0.9842906965617317,0.44488791439399006
DeepForest-pretrained,TreeBoxes,validation,0.1,0.2,Allen et al. 2025,24,1609,1345,838,826,0.3562447321086805,0.9718600816480536,0.5213745644886241
DeepForest-pretrained,TreeBoxes,validation,0.1,0.2,Frey et al. 2026,61,2813,3461,2838,2836,0.21854152413479583,0.9967213114754098,0.3584821129465294
DeepForest-pretrained,TreeBoxes,validation,0.1,0.25,overall (macro),85,4422,4806,3676,3662,0.2873931281217382,0.9842906965617317,0.44488791439399006
DeepForest-pretrained,TreeBoxes,validation,0.1,0.25,Allen et al. 2025,24,1609,1345,838,826,0.3562447321086805,0.9718600816480536,0.5213745644886241
DeepForest-pretrained,TreeBoxes,validation,0.1,0.25,Frey et al. 2026,61,2813,3461,2838,2836,0.21854152413479583,0.9967213114754098,0.3584821129465294
DeepForest-pretrained,TreeBoxes,validation,0.1,0.3,overall (macro),85,4422,4806,3676,3658,0.2873931281217382,0.9796847056146283,0.44441571720872464
DeepForest-pretrained,TreeBoxes,validation,0.1,0.3,Allen et al. 2025,24,1609,1345,838,822,0.3562447321086805,0.9626480997538467,0.5200396971260287
DeepForest-pretrained,TreeBoxes,validation,0.1,0.3,Frey et al. 2026,61,2813,3461,2838,2836,0.21854152413479583,0.9967213114754098,0.3584821129465294
DeepForest-pretrained,TreeBoxes,validation,0.1,0.35,overall (macro),85,4422,4806,3676,3658,0.2873931281217382,0.9796847056146283,0.44441571720872464
DeepForest-pretrained,TreeBoxes,validation,0.1,0.35,Allen et al. 2025,24,1609,1345,838,822,0.3562447321086805,0.9626480997538467,0.5200396971260287
DeepForest-pretrained,TreeBoxes,validation,0.1,0.35,Frey et al. 2026,61,2813,3461,2838,2836,0.21854152413479583,0.9967213114754098,0.3584821129465294
DeepForest-pretrained,TreeBoxes,validation,0.1,0.4,overall (macro),85,4422,4806,3676,3654,0.2873931281217382,0.9754581808905707,0.4439793916472062
DeepForest-pretrained,TreeBoxes,validation,0.1,0.4,Allen et al. 2025,24,1609,1345,838,818,0.3562447321086805,0.9541950503057315,0.5187982914396843
DeepForest-pretrained,TreeBoxes,validation,0.1,0.4,Frey et al. 2026,61,2813,3461,2838,2836,0.21854152413479583,0.9967213114754098,0.3584821129465294
DeepForest-pretrained,TreeBoxes,validation,0.1,0.45,overall (macro),85,4422,4806,3676,3649,0.2873931281217382,0.971494334619739,0.4435675213905114
DeepForest-pretrained,TreeBoxes,validation,0.1,0.45,Allen et al. 2025,24,1609,1345,838,813,0.3562447321086805,0.9462673577640682,0.5176193971493706
DeepForest-pretrained,TreeBoxes,validation,0.1,0.45,Frey et al. 2026,61,2813,3461,2838,2836,0.21854152413479583,0.9967213114754098,0.3584821129465294
DeepForest-pretrained,TreeBoxes,validation,0.1,0.5,overall (macro),85,4422,4806,3676,3644,0.2873931281217382,0.966989090453359,0.4430962356604031
DeepForest-pretrained,TreeBoxes,validation,0.1,0.5,Allen et al. 2025,24,1609,1345,838,808,0.3562447321086805,0.9372568694313083,0.5162619388643326
DeepForest-pretrained,TreeBoxes,validation,0.1,0.5,Frey et al. 2026,61,2813,3461,2838,2836,0.21854152413479583,0.9967213114754098,0.3584821129465294
DeepForest-pretrained,TreeBoxes,validation,0.1,0.55,overall (macro),85,4422,4806,3676,3637,0.2873931281217382,0.960570063806488,0.4424188745357183
DeepForest-pretrained,TreeBoxes,validation,0.1,0.55,Allen et al. 2025,24,1609,1345,838,801,0.3562447321086805,0.9244188161375662,0.5142948496693358
DeepForest-pretrained,TreeBoxes,validation,0.1,0.55,Frey et al. 2026,61,2813,3461,2838,2836,0.21854152413479583,0.9967213114754098,0.3584821129465294
DeepForest-pretrained,TreeBoxes,validation,0.1,0.6,overall (macro),85,4422,4806,3676,3624,0.2873931281217382,0.9514665812776621,0.441446202539349
DeepForest-pretrained,TreeBoxes,validation,0.1,0.6,Allen et al. 2025,24,1609,1345,838,788,0.3562447321086805,0.9062118510799145,0.5114365157909727
DeepForest-pretrained,TreeBoxes,validation,0.1,0.6,Frey et al. 2026,61,2813,3461,2838,2836,0.21854152413479583,0.9967213114754098,0.3584821129465294
DeepForest-pretrained,TreeBoxes,validation,0.1,0.65,overall (macro),85,4422,4806,3676,3604,0.2873931281217382,0.9368085016357134,0.43984964435877866
DeepForest-pretrained,TreeBoxes,validation,0.1,0.65,Allen et al. 2025,24,1609,1345,838,770,0.3562447321086805,0.8799782194687086,0.5071700127490781
DeepForest-pretrained,TreeBoxes,validation,0.1,0.65,Frey et al. 2026,61,2813,3461,2838,2834,0.21854152413479583,0.9936387838027182,0.3582822338059046
DeepForest-pretrained,TreeBoxes,validation,0.1,0.7,overall (macro),85,4422,4806,3676,3595,0.2873931281217382,0.9324221105509527,0.43936441943895976
DeepForest-pretrained,TreeBoxes,validation,0.1,0.7,Allen et al. 2025,24,1609,1345,838,761,0.3562447321086805,0.8712054372991873,0.5057025618758865
DeepForest-pretrained,TreeBoxes,validation,0.1,0.7,Frey et al. 2026,61,2813,3461,2838,2834,0.21854152413479583,0.9936387838027182,0.3582822338059046
DeepForest-pretrained,TreeBoxes,validation,0.1,0.75,overall (macro),85,4422,4806,3676,3581,0.2873931281217382,0.9243802994193049,0.4384657061894931
DeepForest-pretrained,TreeBoxes,validation,0.1,0.75,Allen et al. 2025,24,1609,1345,838,747,0.3562447321086805,0.8551218150358917,0.5029569994909114
DeepForest-pretrained,TreeBoxes,validation,0.1,0.75,Frey et al. 2026,61,2813,3461,2838,2834,0.21854152413479583,0.9936387838027182,0.3582822338059046
DeepForest-pretrained,TreeBoxes,validation,0.1,0.8,overall (macro),85,4422,4806,3676,3558,0.2873931281217382,0.9128214225833504,0.43715284721160624
DeepForest-pretrained,TreeBoxes,validation,0.1,0.8,Allen et al. 2025,24,1609,1345,838,724,0.3562447321086805,0.8320040613639826,0.49888047954624765
DeepForest-pretrained,TreeBoxes,validation,0.1,0.8,Frey et al. 2026,61,2813,3461,2838,2834,0.21854152413479583,0.9936387838027182,0.3582822338059046
DeepForest-pretrained,TreeBoxes,validation,0.1,0.85,overall (macro),85,4422,4806,3676,3533,0.2873931281217382,0.8988972074855437,0.4355373597255491
DeepForest-pretrained,TreeBoxes,validation,0.1,0.85,Allen et al. 2025,24,1609,1345,838,701,0.3562447321086805,0.8097443047898295,0.49480249609154997
DeepForest-pretrained,TreeBoxes,validation,0.1,0.85,Frey et al. 2026,61,2813,3461,2838,2832,0.21854152413479583,0.9880501101812578,0.3579172453370491
DeepForest-pretrained,TreeBoxes,validation,0.1,0.9,overall (macro),85,4422,4806,3676,3501,0.2873931281217382,0.8815108120221156,0.43346615755096435
DeepForest-pretrained,TreeBoxes,validation,0.1,0.9,Allen et al. 2025,24,1609,1345,838,670,0.3562447321086805,0.7762134413344092,0.4883570200683088
DeepForest-pretrained,TreeBoxes,validation,0.1,0.9,Frey et al. 2026,61,2813,3461,2838,2831,0.21854152413479583,0.9868081827098221,0.35783567715405473
DeepForest-pretrained,TreeBoxes,validation,0.1,0.95,overall (macro),85,4422,4806,3676,3438,0.2873931281217382,0.8515538711260073,0.4297491120284247
DeepForest-pretrained,TreeBoxes,validation,0.1,0.95,Allen et al. 2025,24,1609,1345,838,613,0.3562447321086805,0.7311689342476329,0.47907266418681804
DeepForest-pretrained,TreeBoxes,validation,0.1,0.95,Frey et al. 2026,61,2813,3461,2838,2825,0.21854152413479583,0.9719388080043818,0.3568458591589765
DeepForest-pretrained,TreeBoxes,validation,0.1,1.0,overall (macro),85,4422,4806,3676,3330,0.2873931281217382,0.7960155715674422,0.4223141372448132
DeepForest-pretrained,TreeBoxes,validation,0.1,1.0,Allen et al. 2025,24,1609,1345,838,516,0.3562447321086805,0.6394172868540738,0.4575629796510496
DeepForest-pretrained,TreeBoxes,validation,0.1,1.0,Frey et al. 2026,61,2813,3461,2838,2814,0.21854152413479583,0.9526138562808105,0.35552188470441065
DeepForest-pretrained,TreeBoxes,validation,0.1,1.0001,overall (macro),85,4422,4806,3676,0,0.2873931281217382,0.27898161764581664,0.28312491114001564
DeepForest-pretrained,TreeBoxes,validation,0.1,1.0001,Allen et al. 2025,24,1609,1345,838,0,0.3562447321086805,0.3755997188568996,0.365666286183442
DeepForest-pretrained,TreeBoxes,validation,0.1,1.0001,Frey et al. 2026,61,2813,3461,2838,0,0.21854152413479583,0.18236351643473375,0.19882015337901776
DeepForest-finetuned,TreeBoxes,validation,0.1,0.0,overall (macro),85,4422,7212,5866,5866,0.3283881913426624,1.0,0.49441600502447325
DeepForest-finetuned,TreeBoxes,validation,0.1,0.0,Allen et al. 2025,24,1609,2391,1838,1838,0.3856200538256802,1.0,0.5566028764681745
DeepForest-finetuned,TreeBoxes,validation,0.1,0.0,Frey et al. 2026,61,2813,4821,4028,4028,0.27115632885964464,1.0,0.4266293967208568
DeepForest-finetuned,TreeBoxes,validation,0.1,0.05,overall (macro),85,4422,7212,5866,5581,0.3283881913426624,0.8648527084791552,0.47602695609525697
DeepForest-finetuned,TreeBoxes,validation,0.1,0.05,Allen et al. 2025,24,1609,2391,1838,1561,0.3856200538256802,0.7479865893378433,0.5088866240875384
DeepForest-finetuned,TreeBoxes,validation,0.1,0.05,Frey et al. 2026,61,2813,4821,4028,4020,0.27115632885964464,0.981718827620467,0.4249414187728541
DeepForest-finetuned,TreeBoxes,validation,0.1,0.1,overall (macro),85,4422,7212,5866,5555,0.3283881913426624,0.8590398855999752,0.4751421324813614
DeepForest-finetuned,TreeBoxes,validation,0.1,0.1,Allen et al. 2025,24,1609,2391,1838,1535,0.3856200538256802,0.7363609435794833,0.5061681924292137
DeepForest-finetuned,TreeBoxes,validation,0.1,0.1,Frey et al. 2026,61,2813,4821,4028,4020,0.27115632885964464,0.981718827620467,0.4249414187728541
DeepForest-finetuned,TreeBoxes,validation,0.1,0.15,overall (macro),85,4422,7212,5866,5530,0.3283881913426624,0.8532556102694572,0.4742530130096572
DeepForest-finetuned,TreeBoxes,validation,0.1,0.15,Allen et al. 2025,24,1609,2391,1838,1510,0.3856200538256802,0.7247923929184473,0.5034066078584927
DeepForest-finetuned,TreeBoxes,validation,0.1,0.15,Frey et al. 2026,61,2813,4821,4028,4020,0.27115632885964464,0.981718827620467,0.4249414187728541
DeepForest-finetuned,TreeBoxes,validation,0.1,0.2,overall (macro),85,4422,7212,5866,5512,0.3283881913426624,0.8481610909890459,0.47346267737314607
DeepForest-finetuned,TreeBoxes,validation,0.1,0.2,Allen et al. 2025,24,1609,2391,1838,1492,0.3856200538256802,0.7146033543576248,0.5009262335663517
DeepForest-finetuned,TreeBoxes,validation,0.1,0.2,Frey et al. 2026,61,2813,4821,4028,4020,0.27115632885964464,0.981718827620467,0.4249414187728541
DeepForest-finetuned,TreeBoxes,validation,0.1,0.25,overall (macro),85,4422,7212,5866,5487,0.3283881913426624,0.8418569667931726,0.4724751643233723
DeepForest-finetuned,TreeBoxes,validation,0.1,0.25,Allen et al. 2025,24,1609,2391,1838,1468,0.3856200538256802,0.7030880021407416,0.49806710209199534
DeepForest-finetuned,TreeBoxes,validation,0.1,0.25,Frey et al. 2026,61,2813,4821,4028,4019,0.27115632885964464,0.9806259314456035,0.4248389452180265
DeepForest-finetuned,TreeBoxes,validation,0.1,0.3,overall (macro),85,4422,7212,5866,5470,0.3283881913426624,0.8394764346792857,0.4720994915277731
DeepForest-finetuned,TreeBoxes,validation,0.1,0.3,Allen et al. 2025,24,1609,2391,1838,1451,0.3856200538256802,0.6983269379129678,0.49686723324723187
DeepForest-finetuned,TreeBoxes,validation,0.1,0.3,Frey et al. 2026,61,2813,4821,4028,4019,0.27115632885964464,0.9806259314456035,0.4248389452180265
DeepForest-finetuned,TreeBoxes,validation,0.1,0.35,overall (macro),85,4422,7212,5866,5438,0.3283881913426624,0.8355029183026108,0.471469005870372
DeepForest-finetuned,TreeBoxes,validation,0.1,0.35,Allen et al. 2025,24,1609,2391,1838,1419,0.3856200538256802,0.6903799051596181,0.4948407924455273
DeepForest-finetuned,TreeBoxes,validation,0.1,0.35,Frey et al. 2026,61,2813,4821,4028,4019,0.27115632885964464,0.9806259314456035,0.4248389452180265
DeepForest-finetuned,TreeBoxes,validation,0.1,0.4,overall (macro),85,4422,7212,5866,5412,0.3283881913426624,0.8295525089013407,0.4705167509259763
DeepForest-finetuned,TreeBoxes,validation,0.1,0.4,Allen et al. 2025,24,1609,2391,1838,1394,0.3856200538256802,0.6795719825319413,0.49203631934478714
DeepForest-finetuned,TreeBoxes,validation,0.1,0.4,Frey et al. 2026,61,2813,4821,4028,4018,0.27115632885964464,0.9795330352707402,0.4247362925732358
DeepForest-finetuned,TreeBoxes,validation,0.1,0.45,overall (macro),85,4422,7212,5866,5375,0.3283881913426624,0.823196727274032,0.46948875418313313
DeepForest-finetuned,TreeBoxes,validation,0.1,0.45,Allen et al. 2025,24,1609,2391,1838,1357,0.3856200538256802,0.6668604192773239,0.4886641744863425
DeepForest-finetuned,TreeBoxes,validation,0.1,0.45,Frey et al. 2026,61,2813,4821,4028,4018,0.27115632885964464,0.9795330352707402,0.4247362925732358
DeepForest-finetuned,TreeBoxes,validation,0.1,0.5,overall (macro),85,4422,7212,5866,5348,0.3283881913426624,0.8178439020172638,0.46861413380394956
DeepForest-finetuned,TreeBoxes,validation,0.1,0.5,Allen et al. 2025,24,1609,2391,1838,1330,0.3856200538256802,0.6561547687637873,0.4857603231756708
DeepForest-finetuned,TreeBoxes,validation,0.1,0.5,Frey et al. 2026,61,2813,4821,4028,4018,0.27115632885964464,0.9795330352707402,0.4247362925732358
DeepForest-finetuned,TreeBoxes,validation,0.1,0.55,overall (macro),85,4422,7212,5866,5321,0.3283881913426624,0.8142703995617672,0.4680256830945587
DeepForest-finetuned,TreeBoxes,validation,0.1,0.55,Allen et al. 2025,24,1609,2391,1838,1303,0.3856200538256802,0.6490077638527941,0.48378828512800337
DeepForest-finetuned,TreeBoxes,validation,0.1,0.55,Frey et al. 2026,61,2813,4821,4028,4018,0.27115632885964464,0.9795330352707402,0.4247362925732358
DeepForest-finetuned,TreeBoxes,validation,0.1,0.6,overall (macro),85,4422,7212,5866,5277,0.3283881913426624,0.8063757085523753,0.4667125214305214
DeepForest-finetuned,TreeBoxes,validation,0.1,0.6,Allen et al. 2025,24,1609,2391,1838,1259,0.3856200538256802,0.6332183818340104,0.4793335193094384
DeepForest-finetuned,TreeBoxes,validation,0.1,0.6,Frey et al. 2026,61,2813,4821,4028,4018,0.27115632885964464,0.9795330352707402,0.4247362925732358
DeepForest-finetuned,TreeBoxes,validation,0.1,0.65,overall (macro),85,4422,7212,5866,5237,0.3283881913426624,0.7995403322154918,0.4655607126123354
DeepForest-finetuned,TreeBoxes,validation,0.1,0.65,Allen et al. 2025,24,1609,2391,1838,1221,0.3856200538256802,0.6209114352282548,0.47576435248687937
DeepForest-finetuned,TreeBoxes,validation,0.1,0.65,Frey et al. 2026,61,2813,4821,4028,4016,0.27115632885964464,0.9781692292027289,0.42460794223316145
DeepForest-finetuned,TreeBoxes,validation,0.1,0.7,overall (macro),85,4422,7212,5866,5190,0.3283881913426624,0.7925387504646534,0.46436633312503467
DeepForest-finetuned,TreeBoxes,validation,0.1,0.7,Allen et al. 2025,24,1609,2391,1838,1174,0.3856200538256802,0.6069082717265779,0.4715956096874762
DeepForest-finetuned,TreeBoxes,validation,0.1,0.7,Frey et al. 2026,61,2813,4821,4028,4016,0.27115632885964464,0.9781692292027289,0.42460794223316145
DeepForest-finetuned,TreeBoxes,validation,0.1,0.75,overall (macro),85,4422,7212,5866,5144,0.3283881913426624,0.7845578358558278,0.4629865643510843
DeepForest-finetuned,TreeBoxes,validation,0.1,0.75,Allen et al. 2025,24,1609,2391,1838,1129,0.3856200538256802,0.59148101129011,0.4668645804485554
DeepForest-finetuned,TreeBoxes,validation,0.1,0.75,Frey et al. 2026,61,2813,4821,4028,4015,0.27115632885964464,0.9776346604215457,0.42455755648659776
DeepForest-finetuned,TreeBoxes,validation,0.1,0.8,overall (macro),85,4422,7212,5866,5091,0.3283881913426624,0.7745065228174992,0.4612204464227727
DeepForest-finetuned,TreeBoxes,validation,0.1,0.8,Allen et al. 2025,24,1609,2391,1838,1078,0.3856200538256802,0.5756133578910484,0.4618400720305791
DeepForest-finetuned,TreeBoxes,validation,0.1,0.8,Frey et al. 2026,61,2813,4821,4028,4013,0.27115632885964464,0.97339968774395,0.4241568596680416
DeepForest-finetuned,TreeBoxes,validation,0.1,0.85,overall (macro),85,4422,7212,5866,5038,0.3283881913426624,0.7636843004804597,0.4592825257834311
DeepForest-finetuned,TreeBoxes,validation,0.1,0.85,Allen et al. 2025,24,1609,2391,1838,1027,0.3856200538256802,0.5560180935448382,0.4554015313834674
DeepForest-finetuned,TreeBoxes,validation,0.1,0.85,Frey et al. 2026,61,2813,4821,4028,4011,0.27115632885964464,0.9713505074160812,0.4239619935072115
DeepForest-finetuned,TreeBoxes,validation,0.1,0.9,overall (macro),85,4422,7212,5866,4973,0.3283881913426624,0.751640223805168,0.4570801474736902
DeepForest-finetuned,TreeBoxes,validation,0.1,0.9,Allen et al. 2025,24,1609,2391,1838,964,0.3856200538256802,0.5355059607664183,0.4483682669762918
DeepForest-finetuned,TreeBoxes,validation,0.1,0.9,Frey et al. 2026,61,2813,4821,4028,4009,0.27115632885964464,0.9677744868439179,0.42362038895222975
DeepForest-finetuned,TreeBoxes,validation,0.1,0.95,overall (macro),85,4422,7212,5866,4879,0.3283881913426624,0.7264787060110844,0.4523168352602782
DeepForest-finetuned,TreeBoxes,validation,0.1,0.95,Allen et al. 2025,24,1609,2391,1838,879,0.3856200538256802,0.5048000566806282,0.43723411619196834
DeepForest-finetuned,TreeBoxes,validation,0.1,0.95,Frey et al. 2026,61,2813,4821,4028,4000,0.27115632885964464,0.9481573553415406,0.4217107885968099
DeepForest-finetuned,TreeBoxes,validation,0.1,1.0,overall (macro),85,4422,7212,5866,4757,0.3283881913426624,0.6974320627156119,0.4465274549873559
DeepForest-finetuned,TreeBoxes,validation,0.1,1.0,Allen et al. 2025,24,1609,2391,1838,778,0.3856200538256802,0.4671904997133804,0.42250421245066955
DeepForest-finetuned,TreeBoxes,validation,0.1,1.0,Frey et al. 2026,61,2813,4821,4028,3979,0.27115632885964464,0.9276736257178433,0.41965013264657713
DeepForest-finetuned,TreeBoxes,validation,0.1,1.0001,overall (macro),85,4422,7212,5866,0,0.3283881913426624,0.2043654659294668,0.2519408541392626
DeepForest-finetuned,TreeBoxes,validation,0.1,1.0001,Allen et al. 2025,24,1609,2391,1838,0,0.3856200538256802,0.2419610897223161,0.2973481577695107
DeepForest-finetuned,TreeBoxes,validation,0.1,1.0001,Frey et al. 2026,61,2813,4821,4028,0,0.27115632885964464,0.16676984213661755,0.20652201742313162
SAM3,TreeBoxes,validation,0.1,0.0,overall (macro),85,4422,8344,6057,4513,0.5375815290861817,0.6453684117666894,0.5865643602320578
SAM3,TreeBoxes,validation,0.1,0.0,Allen et al. 2025,24,1609,2997,2090,1744,0.6123220188311495,0.7153666549155755,0.6598455842908737
SAM3,TreeBoxes,validation,0.1,0.0,Frey et al. 2026,61,2813,5347,3967,2769,0.46284103934121407,0.5753701686178032,0.5130072278308632
SAM3,TreeBoxes,validation,0.1,0.05,overall (macro),85,4422,8344,6057,4506,0.5375815290861817,0.6389361062660484,0.5838930733784387
SAM3,TreeBoxes,validation,0.1,0.05,Allen et al. 2025,24,1609,2997,2090,1738,0.6123220188311495,0.7106987652257688,0.6578528590751542
SAM3,TreeBoxes,validation,0.1,0.05,Frey et al. 2026,61,2813,5347,3967,2768,0.46284103934121407,0.5671734473063278,0.5097232150441164
SAM3,TreeBoxes,validation,0.1,0.1,overall (macro),85,4422,8344,6057,4504,0.5375815290861817,0.6382872371522181,0.58362198026938
SAM3,TreeBoxes,validation,0.1,0.1,Allen et al. 2025,24,1609,2997,2090,1736,0.6123220188311495,0.7094010269981084,0.6572963532459835
SAM3,TreeBoxes,validation,0.1,0.1,Frey et al. 2026,61,2813,5347,3967,2768,0.46284103934121407,0.5671734473063278,0.5097232150441164
SAM3,TreeBoxes,validation,0.1,0.15,overall (macro),85,4422,8344,6057,4500,0.5375815290861817,0.6371532030998242,0.5831474694668813
SAM3,TreeBoxes,validation,0.1,0.15,Allen et al. 2025,24,1609,2997,2090,1732,0.6123220188311495,0.7071329588933205,0.6563211148262769
SAM3,TreeBoxes,validation,0.1,0.15,Frey et al. 2026,61,2813,5347,3967,2768,0.46284103934121407,0.5671734473063278,0.5097232150441164
SAM3,TreeBoxes,validation,0.1,0.2,overall (macro),85,4422,8344,6057,4492,0.5375815290861817,0.6334301805243425,0.5815831937818426
SAM3,TreeBoxes,validation,0.1,0.2,Allen et al. 2025,24,1609,2997,2090,1725,0.6123220188311495,0.7024191541795158,0.6542834793375418
SAM3,TreeBoxes,validation,0.1,0.2,Frey et al. 2026,61,2813,5347,3967,2767,0.46284103934121407,0.5644412068691692,0.5086168982245475
SAM3,TreeBoxes,validation,0.1,0.25,overall (macro),85,4422,8344,6057,4484,0.5375815290861817,0.6311865907807528,0.5806357083888332
SAM3,TreeBoxes,validation,0.1,0.25,Allen et al. 2025,24,1609,2997,2090,1717,0.6123220188311495,0.6979319746923364,0.6523301861514408
SAM3,TreeBoxes,validation,0.1,0.25,Frey et al. 2026,61,2813,5347,3967,2767,0.46284103934121407,0.5644412068691692,0.5086168982245475
SAM3,TreeBoxes,validation,0.1,0.3,overall (macro),85,4422,8344,6057,4474,0.5375815290861817,0.628667239709142,0.5795674217231118
SAM3,TreeBoxes,validation,0.1,0.3,Allen et al. 2025,24,1609,2997,2090,1707,0.6123220188311495,0.6928932725491146,0.6501208042592369
SAM3,TreeBoxes,validation,0.1,0.3,Frey et al. 2026,61,2813,5347,3967,2767,0.46284103934121407,0.5644412068691692,0.5086168982245475
SAM3,TreeBoxes,validation,0.1,0.35,overall (macro),85,4422,8344,6057,4465,0.5375815290861817,0.6261851646797099,0.5785104181497017
SAM3,TreeBoxes,validation,0.1,0.35,Allen et al. 2025,24,1609,2997,2090,1698,0.6123220188311495,0.6879291224902504,0.6479273668129769
SAM3,TreeBoxes,validation,0.1,0.35,Frey et al. 2026,61,2813,5347,3967,2767,0.46284103934121407,0.5644412068691692,0.5086168982245475
SAM3,TreeBoxes,validation,0.1,0.4,overall (macro),85,4422,8344,6057,4448,0.5375815290861817,0.6217123323845053,0.5765942137759688
SAM3,TreeBoxes,validation,0.1,0.4,Allen et al. 2025,24,1609,2997,2090,1682,0.6123220188311495,0.6798528071298464,0.6443227882267029
SAM3,TreeBoxes,validation,0.1,0.4,Frey et al. 2026,61,2813,5347,3967,2766,0.46284103934121407,0.5635718576391643,0.5082636531566419
SAM3,TreeBoxes,validation,0.1,0.45,overall (macro),85,4422,8344,6057,4426,0.5375815290861817,0.6175268578577064,0.5747876757734202
SAM3,TreeBoxes,validation,0.1,0.45,Allen et al. 2025,24,1609,2997,2090,1661,0.6123220188311495,0.6717297427933294,0.6406516069037245
SAM3,TreeBoxes,validation,0.1,0.45,Frey et al. 2026,61,2813,5347,3967,2765,0.46284103934121407,0.5633239729220834,0.5081628198139735
SAM3,TreeBoxes,validation,0.1,0.5,overall (macro),85,4422,8344,6057,4407,0.5375815290861817,0.6134025471704357,0.5729946852535279
SAM3,TreeBoxes,validation,0.1,0.5,Allen et al. 2025,24,1609,2997,2090,1642,0.6123220188311495,0.6634811214187881,0.6368758422148384
SAM3,TreeBoxes,validation,0.1,0.5,Frey et al. 2026,61,2813,5347,3967,2765,0.46284103934121407,0.5633239729220834,0.5081628198139735
SAM3,TreeBoxes,validation,0.1,0.55,overall (macro),85,4422,8344,6057,4386,0.5375815290861817,0.6088859930582902,0.5710163731026057
SAM3,TreeBoxes,validation,0.1,0.55,Allen et al. 2025,24,1609,2997,2090,1621,0.6123220188311495,0.6544480131944969,0.6326845734083107
SAM3,TreeBoxes,validation,0.1,0.55,Frey et al. 2026,61,2813,5347,3967,2765,0.46284103934121407,0.5633239729220834,0.5081628198139735
SAM3,TreeBoxes,validation,0.1,0.6,overall (macro),85,4422,8344,6057,4369,0.5375815290861817,0.6061819623613894,0.5698244937303729
SAM3,TreeBoxes,validation,0.1,0.6,Allen et al. 2025,24,1609,2997,2090,1604,0.6123220188311495,0.6490399518006955,0.6301465603717168
SAM3,TreeBoxes,validation,0.1,0.6,Frey et al. 2026,61,2813,5347,3967,2765,0.46284103934121407,0.5633239729220834,0.5081628198139735
SAM3,TreeBoxes,validation,0.1,0.65,overall (macro),85,4422,8344,6057,4330,0.5375815290861817,0.5996936498992498,0.5669414672071055
SAM3,TreeBoxes,validation,0.1,0.65,Allen et al. 2025,24,1609,2997,2090,1565,0.6123220188311495,0.6360633268764163,0.6239669213622109
SAM3,TreeBoxes,validation,0.1,0.65,Frey et al. 2026,61,2813,5347,3967,2765,0.46284103934121407,0.5633239729220834,0.5081628198139735
SAM3,TreeBoxes,validation,0.1,0.7,overall (macro),85,4422,8344,6057,4278,0.5375815290861817,0.5905195823234468,0.5628084518489596
SAM3,TreeBoxes,validation,0.1,0.7,Allen et al. 2025,24,1609,2997,2090,1513,0.6123220188311495,0.6177151917248102,0.6150067819308439
SAM3,TreeBoxes,validation,0.1,0.7,Frey et al. 2026,61,2813,5347,3967,2765,0.46284103934121407,0.5633239729220834,0.5081628198139735
SAM3,TreeBoxes,validation,0.1,0.75,overall (macro),85,4422,8344,6057,4222,0.5375815290861817,0.5821900099909202,0.5589972326811717
SAM3,TreeBoxes,validation,0.1,0.75,Allen et al. 2025,24,1609,2997,2090,1458,0.6123220188311495,0.6017916502543765,0.6070111680350933
SAM3,TreeBoxes,validation,0.1,0.75,Frey et al. 2026,61,2813,5347,3967,2764,0.46284103934121407,0.5625883697274638,0.5078633077286728
SAM3,TreeBoxes,validation,0.1,0.8,overall (macro),85,4422,8344,6057,4132,0.5375815290861817,0.5701391089794173,0.5533818608493556
SAM3,TreeBoxes,validation,0.1,0.8,Allen et al. 2025,24,1609,2997,2090,1374,0.6123220188311495,0.5806376698568684,0.5960590849589923
SAM3,TreeBoxes,validation,0.1,0.8,Frey et al. 2026,61,2813,5347,3967,2758,0.46284103934121407,0.5596405481019663,0.5066587332662259
SAM3,TreeBoxes,validation,0.1,0.85,overall (macro),85,4422,8344,6057,4021,0.5375815290861817,0.5567044529588843,0.5469759020606705
SAM3,TreeBoxes,validation,0.1,0.85,Allen et al. 2025,24,1609,2997,2090,1266,0.6123220188311495,0.5543232663927479,0.5818809639256265
SAM3,TreeBoxes,validation,0.1,0.85,Frey et al. 2026,61,2813,5347,3967,2755,0.46284103934121407,0.5590856395250206,0.506431202609555
SAM3,TreeBoxes,validation,0.1,0.9,overall (macro),85,4422,8344,6057,3899,0.5375815290861817,0.5400277531198795,0.5388018645809081
SAM3,TreeBoxes,validation,0.1,0.9,Allen et al. 2025,24,1609,2997,2090,1154,0.6123220188311495,0.5257506073032064,0.565743636869791
SAM3,TreeBoxes,validation,0.1,0.9,Frey et al. 2026,61,2813,5347,3967,2745,0.46284103934121407,0.5543048989365525,0.5044606597360456
SAM3,TreeBoxes,validation,0.1,0.95,overall (macro),85,4422,8344,6057,3741,0.5375815290861817,0.5200848979140393,0.5286884929650916
SAM3,TreeBoxes,validation,0.1,0.95,Allen et al. 2025,24,1609,2997,2090,1016,0.6123220188311495,0.49614158493334354,0.5481432423775222
SAM3,TreeBoxes,validation,0.1,0.95,Frey et al. 2026,61,2813,5347,3967,2725,0.46284103934121407,0.5440282108947351,0.5001614310943632
SAM3,TreeBoxes,validation,0.1,1.0,overall (macro),85,4422,8344,6057,3346,0.5375815290861817,0.4751490345121091,0.5044408724256926
SAM3,TreeBoxes,validation,0.1,1.0,Allen et al. 2025,24,1609,2997,2090,765,0.6123220188311495,0.43994444996679033,0.512014174669959
SAM3,TreeBoxes,validation,0.1,1.0,Frey et al. 2026,61,2813,5347,3967,2581,0.46284103934121407,0.5103536190574279,0.4854375174330891
SAM3,TreeBoxes,validation,0.1,1.0001,overall (macro),85,4422,8344,6057,0,0.5375815290861817,0.2784532977237183,0.3668749044807073
SAM3,TreeBoxes,validation,0.1,1.0001,Allen et al. 2025,24,1609,2997,2090,0,0.6123220188311495,0.29761854734522725,0.40055009420626214
SAM3,TreeBoxes,validation,0.1,1.0001,Frey et al. 2026,61,2813,5347,3967,0,0.46284103934121407,0.25928804810220935,0.33237589167680115
